,true_value
2011-07-29,6.249457
2011-07-30,28.978653
2011-07-31,37.209164
2011-08-01,5.041244
2011-08-02,4.197217
2011-08-03,18.191746
2011-08-04,10.598673
2011-08-05,17.045626
2011-08-06,19.768538
2011-08-07,4.457012
2011-08-08,6.889863
2011-08-09,10.799355
2011-08-10,4.010357
2011-08-11,10.415899
2011-08-12,1.082855
2011-08-13,7.153507
2011-08-14,20.568413
2011-08-15,0.053093
2011-08-16,23.585726
2011-08-17,10.459173
2011-08-18,20.078642
2011-08-19,14.548634
2011-08-20,7.380115
2011-08-21,18.158154
2011-08-22,9.413587
2011-08-23,24.157368
2011-08-24,26.350973
2011-08-25,4.354628
2011-08-26,2.607425
2011-08-27,11.574437
2011-08-28,7.331732
2011-08-29,9.05885
2011-08-30,2.946743
2011-08-31,8.69801
2011-09-01,18.942417
2011-09-02,29.559202
2011-09-03,33.07626
2011-09-04,24.370838
2011-09-05,6.20393
2011-09-06,0.861753
2011-09-07,6.224607
2011-09-08,6.710543
2011-09-09,0.0
2011-09-10,0.0
2011-09-11,0.0
2011-09-12,24.368256
2011-09-13,19.047916
2011-09-14,21.628246
2011-09-15,9.560334
2011-09-16,27.550896
2011-09-17,19.605715
2011-09-18,46.381443
2011-09-19,25.839375
2011-09-20,22.191675
2011-09-21,21.345737
2011-09-22,7.049303
2011-09-23,16.748842
2011-09-24,13.607689
2011-09-25,20.78997
2011-09-26,22.447428
2011-09-27,15.534628
2011-09-28,12.393591
2011-09-29,44.984005
2011-09-30,44.964664
2011-10-01,11.469744
2011-10-02,15.823211
2011-10-03,2.131888
2011-10-04,30.077812
2011-10-05,11.50533
2011-10-06,32.98811
2011-10-07,28.777771
2011-10-08,17.73707
2011-10-09,4.767227
2011-10-10,19.205393
2011-10-11,12.939578
2011-10-12,15.313079
2011-10-13,5.593879
2011-10-14,9.329688
2011-10-15,4.736612
2011-10-16,34.64839
2011-10-17,30.301636
2011-10-18,25.651999
2011-10-19,16.589094
2011-10-20,19.49836
2011-10-21,16.82335
2011-10-22,25.493382
2011-10-23,10.996559
2011-10-24,20.14252
2011-10-25,23.26852
2011-10-26,25.188148
2011-10-27,36.08292
2011-10-28,30.948458
2011-10-29,18.767948
2011-10-30,13.709501
2011-10-31,15.341518
2011-11-01,22.04602
2011-11-02,13.73162
2011-11-03,19.538101
2011-11-04,25.427156
2011-11-05,19.633432
2011-11-06,13.194927
2011-11-07,19.035892
2011-11-08,32.89228
2011-11-09,42.399258
2011-11-10,12.329902
2011-11-11,38.426567
2011-11-12,28.266766
2011-11-13,19.111765
2011-11-14,16.866098
2011-11-15,19.520836
2011-11-16,13.22428
2011-11-17,21.723932
2011-11-18,40.28298
2011-11-19,20.321499
2011-11-20,22.63157
2011-11-21,34.96418
2011-11-22,14.192446
2011-11-23,13.022719
2011-11-24,10.816218
2011-11-25,14.958703
2011-11-26,3.446131
2011-11-27,11.562535
2011-11-28,9.456183
2011-11-29,24.106688
2011-11-30,26.784842
2011-12-01,31.307858
2011-12-02,37.09739
2011-12-03,18.202076
2011-12-04,12.000837
2011-12-05,20.811596
2011-12-06,59.399372
2011-12-07,36.590572
2011-12-08,22.005959
2011-12-09,22.382988
2011-12-10,9.653301
2011-12-11,31.431847
2011-12-12,38.057003
2011-12-13,35.049046
2011-12-14,20.54332
2011-12-15,32.758755
2011-12-16,27.532164
2011-12-17,28.573092
2011-12-18,19.172216
2011-12-19,25.412537
2011-12-20,25.712864
2011-12-21,18.373959
2011-12-22,3.364014
2011-12-23,21.003397
2011-12-24,13.987345
2011-12-25,15.12862
2011-12-26,13.862457
2011-12-27,9.297256
2011-12-28,0.474371
2011-12-29,0.0
2011-12-30,4.482963
2011-12-31,4.18679
2012-01-01,18.931734
2012-01-02,6.341326
2012-01-03,16.385784
2012-01-04,19.221493
2012-01-05,5.082848
2012-01-06,29.586697
2012-01-07,10.262062
2012-01-08,0.0
2012-01-09,18.973011
2012-01-10,22.304611
2012-01-11,28.225801
2012-01-12,10.151537
2012-01-13,16.902773
2012-01-14,18.776424
2012-01-15,12.221831
2012-01-16,9.375432
2012-01-17,32.341076
2012-01-18,27.259363
2012-01-19,33.116116
2012-01-20,17.490572
2012-01-21,31.207342
2012-01-22,14.131272
2012-01-23,17.213348
2012-01-24,24.050373
2012-01-25,14.461812
2012-01-26,8.725596
2012-01-27,29.735464
2012-01-28,0.757859
2012-01-29,7.118338
2012-01-30,3.316802
2012-01-31,23.726795
2012-02-01,3.883758
2012-02-02,26.131624
2012-02-03,5.600176
2012-02-04,8.644311
2012-02-05,20.316473
2012-02-06,19.49024
2012-02-07,11.96976
2012-02-08,7.256447
2012-02-09,4.499555
2012-02-10,5.583472
2012-02-11,15.985786
2012-02-12,27.783417
2012-02-13,31.713755
2012-02-14,23.224676
2012-02-15,38.05474
2012-02-16,26.050665
2012-02-17,30.008577
2012-02-18,12.873591
2012-02-19,17.48829
2012-02-20,17.02969
2012-02-21,24.778086
2012-02-22,18.169256
2012-02-23,19.447714
2012-02-24,22.732946
2012-02-25,12.723295
2012-02-26,27.388367
2012-02-27,19.103182
2012-02-28,17.543657
2012-02-29,28.768139
2012-03-01,20.849123
2012-03-02,20.588638
2012-03-03,12.935252
2012-03-04,6.540103
2012-03-05,53.90805
2012-03-06,38.89487
2012-03-07,24.906176
2012-03-08,18.249214
2012-03-09,31.312693
2012-03-10,34.19722
2012-03-11,7.069364
2012-03-12,12.38034
2012-03-13,33.67112
2012-03-14,13.992972
2012-03-15,29.870544
2012-03-16,12.773922
2012-03-17,25.26155
2012-03-18,3.233996
2012-03-19,31.492237
2012-03-20,20.917595
2012-03-21,31.913074
2012-03-22,8.276595
2012-03-23,28.484093
2012-03-24,19.393017
2012-03-25,30.400343
2012-03-26,25.753689
2012-03-27,38.395798
2012-03-28,39.849934
2012-03-29,12.985523
2012-03-30,31.499237
2012-03-31,9.401097
2012-04-01,1.804182
2012-04-02,39.106464
2012-04-03,18.078611
2012-04-04,15.541329
2012-04-05,15.522128
2012-04-06,17.375206
2012-04-07,25.328941
2012-04-08,11.904485
2012-04-09,18.01885
2012-04-10,18.942474
2012-04-11,19.006458
2012-04-12,20.152445
2012-04-13,24.49548
2012-04-14,19.043571
2012-04-15,35.984074
2012-04-16,31.435959
2012-04-17,24.439026
2012-04-18,39.369274
2012-04-19,10.021397
2012-04-20,14.228505
2012-04-21,9.169323
2012-04-22,3.950185
2012-04-23,29.217054
2012-04-24,35.81046
2012-04-25,26.148129
2012-04-26,44.74767
2012-04-27,43.322765
2012-04-28,22.938196
2012-04-29,3.681971
2012-04-30,23.119532
2012-05-01,20.072233
2012-05-02,31.669493
2012-05-03,48.6923
2012-05-04,22.10745
2012-05-05,23.676128
2012-05-06,35.874405
2012-05-07,10.867766
2012-05-08,38.105247
2012-05-09,38.705273
2012-05-10,30.336542
2012-05-11,31.566172
2012-05-12,15.250791
2012-05-13,10.474252
2012-05-14,46.2327
2012-05-15,18.557426
2012-05-16,26.229727
2012-05-17,21.400887
2012-05-18,25.981527
2012-05-19,15.042423
2012-05-20,13.359896
2012-05-21,25.154413
2012-05-22,14.249027
2012-05-23,30.223095
2012-05-24,43.54084
2012-05-25,64.011314
2012-05-26,3.725546
2012-05-27,12.335892
2012-05-28,8.62013
2012-05-29,34.905655
2012-05-30,29.645163
2012-05-31,38.994392
2012-06-01,20.424128
2012-06-02,10.348869
2012-06-03,24.623714
2012-06-04,47.342533
2012-06-05,27.588074
2012-06-06,59.705853
2012-06-07,16.778416
2012-06-08,30.103828
2012-06-09,7.416304
2012-06-10,5.998844
2012-06-11,64.67723
2012-06-12,30.18905
2012-06-13,26.567665
2012-06-14,23.55134
2012-06-15,29.824636
2012-06-16,25.493286
2012-06-17,20.28797
2012-06-18,32.045483
2012-06-19,31.216936
2012-06-20,39.634647
2012-06-21,33.517227
2012-06-22,18.519136
2012-06-23,12.130391
2012-06-24,4.752955
2012-06-25,27.65831
2012-06-26,23.872995
2012-06-27,26.582758
2012-06-28,29.937393
2012-06-29,24.885723
2012-06-30,23.006527
2012-07-01,9.942501
2012-07-02,20.914314
2012-07-03,31.660316
2012-07-04,0.538454
2012-07-05,23.460787
2012-07-06,26.774437
2012-07-07,11.19113
2012-07-08,1.233837
2012-07-09,31.258268
2012-07-10,27.648087
2012-07-11,19.080402
2012-07-12,28.73577
2012-07-13,21.345886
2012-07-14,28.823515
2012-07-15,10.880468
2012-07-16,31.848091
2012-07-17,28.95756
2012-07-18,56.27272
2012-07-19,30.938332
2012-07-20,21.101084
2012-07-21,9.544645
2012-07-22,26.31557
2012-07-23,28.823305
2012-07-24,55.18267
2012-07-25,16.577625
2012-07-26,1.781044
2012-07-27,21.150831
2012-07-28,5.591411
2012-07-29,19.977688
2012-07-30,36.588833
2012-07-31,22.38225
2012-08-01,59.077316
2012-08-02,38.417896
2012-08-03,7.217282
2012-08-04,11.57006
2012-08-05,18.292276
2012-08-06,22.545622
2012-08-07,20.96656
2012-08-08,28.225391
2012-08-09,30.44859
2012-08-10,39.81608
2012-08-11,14.968181
2012-08-12,11.329661
2012-08-13,47.170616
2012-08-14,26.133694
2012-08-15,38.942142
2012-08-16,32.735214
2012-08-17,28.735558
2012-08-18,26.597067
2012-08-19,10.59743
2012-08-20,38.277336
2012-08-21,50.349472
2012-08-22,19.452032
2012-08-23,35.853893
2012-08-24,7.487865
2012-08-25,32.468433
2012-08-26,6.36436
2012-08-27,61.816242
2012-08-28,36.53349
2012-08-29,39.26997
2012-08-30,24.303953
2012-08-31,21.72437
2012-09-01,32.712074
2012-09-02,8.713337
2012-09-03,0.0
2012-09-04,35.32737
2012-09-05,20.619864
2012-09-06,18.670837
2012-09-07,28.4059
2012-09-08,24.584297
2012-09-09,28.512455
2012-09-10,29.807047
2012-09-11,31.74259
2012-09-12,33.75234
2012-09-13,18.809704
2012-09-14,36.80054
2012-09-15,14.555779
2012-09-16,34.4371
2012-09-17,26.337362
2012-09-18,51.488956
2012-09-19,39.461185
2012-09-20,40.671146
2012-09-21,24.19894
2012-09-22,28.837923
2012-09-23,36.829136
2012-09-24,27.736277
2012-09-25,50.941483
2012-09-26,32.35092
2012-09-27,17.15428
2012-09-28,27.797955
2012-09-29,21.666668
2012-09-30,4.700251
2012-10-01,30.40336
2012-10-02,45.230145
2012-10-03,30.12351
2012-10-04,34.60742
2012-10-05,48.913795
2012-10-06,0.0
2012-10-07,0.0
2012-10-08,4.573936
2012-10-09,0.728965
2012-10-10,6.960319
2012-10-11,7.383479
2012-10-12,6.353591
2012-10-13,0.49225
2012-10-14,0.0
2012-10-15,0.0
2012-10-16,6.811752
2012-10-17,6.752698
2012-10-18,6.508189
2012-10-19,0.0
2012-10-20,10.506267
2012-10-21,2.562082
2012-10-22,12.356333
2012-10-23,26.74879
2012-10-24,44.286324
2012-10-25,25.362183
2012-10-26,28.748089
2012-10-27,23.641104
2012-10-28,15.90843
2012-10-29,28.903843
2012-10-30,25.725616
2012-10-31,34.955784
2012-11-01,27.346453
2012-11-02,40.144234
2012-11-03,23.141932
2012-11-04,22.807035
2012-11-05,43.97596
2012-11-06,44.15678
2012-11-07,53.81226
2012-11-08,23.46668
2012-11-09,44.535534
2012-11-10,25.825201
2012-11-11,21.73665
2012-11-12,27.848146
2012-11-13,28.182388
2012-11-14,28.882893
2012-11-15,37.545624
2012-11-16,70.45026
2012-11-17,6.406626
2012-11-18,23.213427
2012-11-19,34.609444
2012-11-20,60.44323
2012-11-21,39.03064
2012-11-22,25.516241
2012-11-23,19.8494
2012-11-24,0.0
2012-11-25,3.745726
2012-11-26,0.392001
2012-11-27,3.4416
2012-11-28,2.983254
2012-11-29,1.694262
2012-11-30,2.456137
2012-12-01,32.121822
2012-12-02,0.0
2012-12-03,3.455757
2012-12-04,36.229385
2012-12-05,21.92983
2012-12-06,33.967487
2012-12-07,38.73163
2012-12-08,22.9612
2012-12-09,8.055449
2012-12-10,26.488758
2012-12-11,35.201508
2012-12-12,38.680553
2012-12-13,37.2985
2012-12-14,45.06564
2012-12-15,36.06059
2012-12-16,16.58782
2012-12-17,50.298843
2012-12-18,48.17986
2012-12-19,31.447895
2012-12-20,46.191357
2012-12-21,41.32865
2012-12-22,12.903925
2012-12-23,5.208688
2012-12-24,11.201121
2012-12-25,0.0
2012-12-26,25.31584
2012-12-27,29.577002
2012-12-28,18.755583
2012-12-29,21.72854
2012-12-30,17.438726
2012-12-31,25.386114
2013-01-01,19.93091
2013-01-02,27.830374
2013-01-03,34.554646
2013-01-04,44.29391
2013-01-05,24.759346
2013-01-06,22.978668
2013-01-07,33.606796
2013-01-08,36.26481
2013-01-09,28.175955
2013-01-10,52.921562
2013-01-11,36.496433
2013-01-12,7.988963
2013-01-13,19.134274
2013-01-14,19.769857
2013-01-15,6.190493
2013-01-16,18.812061
2013-01-17,6.325963
2013-01-18,9.347517
2013-01-19,11.327227
2013-01-20,5.301632
2013-01-21,41.572647
2013-01-22,31.49954
2013-01-23,32.102585
2013-01-24,36.675823
2013-01-25,37.41106
2013-01-26,14.605173
2013-01-27,18.618732
2013-01-28,31.022644
2013-01-29,32.52437
2013-01-30,31.014292
2013-01-31,46.461166
2013-02-01,43.840534
2013-02-02,18.995743
2013-02-03,12.947153
2013-02-04,47.090427
2013-02-05,42.64279
2013-02-06,35.596397
2013-02-07,27.779041
2013-02-08,38.568684
2013-02-09,26.677464
2013-02-10,30.216633
2013-02-11,42.248413
2013-02-12,32.635674
2013-02-13,34.99513
2013-02-14,42.329243
2013-02-15,39.39743
2013-02-16,12.964962
2013-02-17,23.168457
2013-02-18,10.705384
2013-02-19,28.23328
2013-02-20,65.980095
2013-02-21,27.862312
2013-02-22,62.45873
2013-02-23,25.40896
2013-02-24,47.464493
2013-02-25,36.412086
2013-02-26,39.33146
2013-02-27,28.620165
2013-02-28,72.46789
2013-03-01,23.43701
2013-03-02,9.348632
2013-03-03,29.209127
2013-03-04,32.98655
2013-03-05,30.412535
2013-03-06,44.41473
2013-03-07,25.59554
2013-03-08,51.22903
2013-03-09,22.43634
2013-03-10,29.513763
2013-03-11,52.24686
2013-03-12,31.488878
2013-03-13,34.396133
2013-03-14,24.093319
2013-03-15,61.678818
2013-03-16,19.979149
2013-03-17,29.12102
2013-03-18,35.77864
2013-03-19,34.192894
2013-03-20,42.20288
2013-03-21,44.472496
2013-03-22,43.114967
2013-03-23,32.571724
2013-03-24,36.799133
2013-03-25,59.389725
2013-03-26,30.14638
2013-03-27,51.891796
2013-03-28,39.645103
2013-03-29,33.045803
2013-03-30,20.891977
2013-03-31,28.317734
2013-04-01,45.68655
2013-04-02,45.489815
2013-04-03,36.613586
2013-04-04,41.841297
2013-04-05,15.570541
2013-04-06,14.034633
2013-04-07,5.561553
2013-04-08,68.88926
2013-04-09,38.269802
2013-04-10,43.077225
2013-04-11,42.202385
2013-04-12,49.348106
2013-04-13,32.63562
2013-04-14,12.29708
2013-04-15,41.11331
2013-04-16,55.900436
2013-04-17,51.18603
2013-04-18,35.75473
2013-04-19,56.11663
2013-04-20,11.924871
2013-04-21,17.544003
2013-04-22,47.475952
2013-04-23,37.92063
2013-04-24,37.511196
2013-04-25,22.481623
2013-04-26,47.143517
2013-04-27,22.725248
2013-04-28,22.739094
2013-04-29,58.85873
2013-04-30,51.734673
2013-05-01,35.631645
2013-05-02,30.576471
2013-05-03,46.527233
2013-05-04,21.726498
2013-05-05,18.640125
2013-05-06,64.95818
2013-05-07,31.858137
2013-05-08,50.344307
2013-05-09,46.11127
2013-05-10,36.408447
2013-05-11,26.087507
2013-05-12,23.089691
2013-05-13,51.801807
2013-05-14,51.156128
2013-05-15,46.07795
2013-05-16,46.14397
2013-05-17,37.40495
2013-05-18,26.716429
2013-05-19,42.216496
2013-05-20,25.667383
2013-05-21,22.536356
2013-05-22,54.166016
2013-05-23,16.806387
2013-05-24,52.200363
2013-05-25,29.7067
2013-05-26,19.54785
2013-05-27,22.524343
2013-05-28,45.02879
2013-05-29,38.54769
2013-05-30,31.982458
2013-05-31,43.935734
2013-06-01,34.636963
2013-06-02,9.653729
2013-06-03,32.192017
2013-06-04,66.25497
2013-06-05,52.482517
2013-06-06,52.62728
2013-06-07,44.23833
2013-06-08,22.52994
2013-06-09,45.716507
2013-06-10,48.268227
2013-06-11,46.778797
2013-06-12,28.494406
2013-06-13,50.340275
2013-06-14,39.71818
2013-06-15,36.992374
2013-06-16,13.498515
2013-06-17,54.8882
2013-06-18,40.978436
2013-06-19,62.556362
2013-06-20,39.235863
2013-06-21,34.582096
2013-06-22,21.137056
2013-06-23,27.738777
2013-06-24,46.305145
2013-06-25,48.88519
2013-06-26,31.6666
2013-06-27,29.496635
2013-06-28,68.83295
2013-06-29,40.11416
2013-06-30,41.069035
2013-07-01,16.454767
2013-07-02,49.38081
2013-07-03,42.34062
2013-07-04,11.365963
2013-07-05,40.363323
2013-07-06,48.709324
2013-07-07,24.301432
2013-07-08,32.888973
2013-07-09,60.44548
2013-07-10,50.137775
2013-07-11,42.468494
2013-07-12,62.127254
2013-07-13,48.854782
2013-07-14,52.20921
2013-07-15,14.679227
2013-07-16,46.815228
2013-07-17,46.68656
2013-07-18,42.96505
2013-07-19,35.314075
2013-07-20,25.9211
2013-07-21,41.856216
2013-07-22,25.933971
2013-07-23,29.33433
2013-07-24,28.92159
2013-07-25,38.08865
2013-07-26,43.570995
2013-07-27,19.994696
2013-07-28,23.399511
2013-07-29,37.01608
2013-07-30,57.202988
2013-07-31,27.220093
2013-08-01,43.49839
2013-08-02,41.96411
2013-08-03,58.730198
2013-08-04,20.26073
2013-08-05,55.27624
2013-08-06,61.29846
2013-08-07,54.242126
2013-08-08,24.447905
2013-08-09,40.68222
2013-08-10,56.98414
2013-08-11,23.991013
2013-08-12,43.53742
2013-08-13,40.807133
2013-08-14,31.45964
2013-08-15,42.104782
2013-08-16,31.907331
2013-08-17,57.028187
2013-08-18,81.48582
2013-08-19,42.545612
2013-08-20,43.490192
2013-08-21,40.12139
2013-08-22,2.595883
2013-08-23,7.956112
2013-08-24,0.0
2013-08-25,0.0
2013-08-26,2.648603
2013-08-27,5.750364
2013-08-28,3.207237
2013-08-29,4.549767
2013-08-30,0.0
2013-08-31,0.0
2013-09-01,0.0
2013-09-02,0.0
2013-09-03,3.39099
2013-09-04,6.582146
2013-09-05,0.0
2013-09-06,0.0
2013-09-07,7.070695
2013-09-08,0.0
2013-09-09,2.169158
2013-09-10,5.991459
2013-09-11,45.203068
2013-09-12,32.373707
2013-09-13,17.790943
2013-09-14,26.210703
2013-09-15,17.422337
2013-09-16,50.342503
2013-09-17,42.46824
2013-09-18,45.802334
2013-09-19,20.257414
2013-09-20,69.06694
2013-09-21,24.43681
2013-09-22,28.298775
2013-09-23,42.21062
2013-09-24,15.745103
2013-09-25,35.34069
2013-09-26,37.43518
2013-09-27,94.215454
2013-09-28,26.438286
2013-09-29,29.848774
2013-09-30,41.02619
2013-10-01,48.354317
2013-10-02,102.30619
2013-10-03,23.04268
2013-10-04,38.142124
2013-10-05,21.674532
2013-10-06,29.938421
2013-10-07,90.1556
2013-10-08,35.320934
2013-10-09,32.21531
2013-10-10,85.16747
2013-10-11,22.41977
2013-10-12,43.335472
2013-10-13,22.958218
2013-10-14,30.037477
2013-10-15,112.64541
2013-10-16,42.59385
2013-10-17,33.700726
2013-10-18,42.243546
2013-10-19,11.918983
2013-10-20,35.997818
2013-10-21,35.121147
2013-10-22,112.86929
2013-10-23,42.564266
2013-10-24,35.598995
2013-10-25,33.067776
2013-10-26,44.248596
2013-10-27,0.857931
2013-10-28,35.79101
2013-10-29,39.480446
2013-10-30,44.916492
2013-10-31,49.386368
2013-11-01,43.372112
2013-11-02,42.689526
2013-11-03,15.161736
2013-11-04,42.16639
2013-11-05,43.6157
2013-11-06,29.201273
2013-11-07,38.90059
2013-11-08,29.364565
2013-11-09,25.42373
2013-11-10,24.409842
2013-11-11,31.663351
2013-11-12,39.075794
2013-11-13,24.476028
2013-11-14,35.84041
2013-11-15,49.89412
2013-11-16,32.747215
2013-11-17,13.347815
2013-11-18,29.661695
2013-11-19,33.44656
2013-11-20,25.384562
2013-11-21,23.83247
2013-11-22,42.614674
2013-11-23,17.1702
2013-11-24,19.011484
2013-11-25,28.860882
2013-11-26,32.15515
2013-11-27,30.623102
2013-11-28,6.893157
2013-11-29,9.41349
2013-11-30,23.629597
2013-12-01,30.635027
2013-12-02,31.922037
2013-12-03,48.206947
2013-12-04,49.971497
2013-12-05,24.269272
2013-12-06,35.235485
2013-12-07,19.057964
2013-12-08,21.073616
2013-12-09,43.584892
2013-12-10,35.458504
2013-12-11,31.751438
2013-12-12,44.916058
2013-12-13,54.60304
2013-12-14,37.48803
2013-12-15,16.70844
2013-12-16,41.76415
2013-12-17,44.73223
2013-12-18,37.536324
2013-12-19,40.194714
2013-12-20,38.76088
2013-12-21,26.809393
2013-12-22,15.19066
2013-12-23,25.550205
2013-12-24,38.347935
2013-12-25,0.0
2013-12-26,43.133514
2013-12-27,29.017159
2013-12-28,12.812099
2013-12-29,16.97119
2013-12-30,31.090626
2013-12-31,31.036995
2014-01-01,11.497882
2014-01-02,46.418602
2014-01-03,61.050034
2014-01-04,23.50468
2014-01-05,23.558926
2014-01-06,36.301147
2014-01-07,42.27203
2014-01-08,35.659393
2014-01-09,34.85235
2014-01-10,37.57945
2014-01-11,45.07307
2014-01-12,0.0
2014-01-13,34.727337
2014-01-14,30.973335
2014-01-15,35.21126
2014-01-16,31.13675
2014-01-17,29.853876
2014-01-18,28.71055
2014-01-19,17.600876
2014-01-20,29.069773
2014-01-21,41.34177
2014-01-22,27.537424
2014-01-23,48.983994
2014-01-24,34.91026
2014-01-25,31.493433
2014-01-26,27.203253
2014-01-27,40.098442
2014-01-28,89.68313
2014-01-29,34.38454
2014-01-30,44.70262
2014-01-31,31.221361
2014-02-01,25.040194
2014-02-02,18.829857
2014-02-03,25.281343
2014-02-04,38.981792
2014-02-05,38.743343
2014-02-06,53.425125
2014-02-07,44.562973
2014-02-08,17.413425
2014-02-09,18.289108
2014-02-10,37.02856
2014-02-11,32.672695
2014-02-12,99.56142
2014-02-13,25.741817
2014-02-14,46.632584
2014-02-15,31.51873
2014-02-16,19.697725
2014-02-17,43.943382
2014-02-18,23.552988
2014-02-19,67.305046
2014-02-20,46.891705
2014-02-21,35.27638
2014-02-22,44.484936
2014-02-23,34.745438
2014-02-24,20.715809
2014-02-25,39.225616
2014-02-26,47.804466
2014-02-27,29.65927
2014-02-28,101.79732
2014-03-01,31.607828
2014-03-02,24.58898
2014-03-03,35.58656
2014-03-04,39.761517
2014-03-05,40.036633
2014-03-06,37.894085
2014-03-07,42.00346
2014-03-08,34.321915
2014-03-09,31.158588
2014-03-10,23.042486
2014-03-11,16.63446
2014-03-12,47.043564
2014-03-13,23.38674
2014-03-14,33.550266
2014-03-15,36.58783
2014-03-16,33.797794
2014-03-17,46.96908
2014-03-18,24.57509
2014-03-19,39.61
2014-03-20,35.14994
2014-03-21,41.680954
2014-03-22,32.1224
2014-03-23,17.530273
2014-03-24,34.737686
2014-03-25,22.185682
2014-03-26,31.272375
2014-03-27,37.597656
2014-03-28,40.49243
2014-03-29,29.013866
2014-03-30,34.939
2014-03-31,38.000786
2014-04-01,30.25619
2014-04-02,54.361187
2014-04-03,27.61076
2014-04-04,38.009308
2014-04-05,27.33331
2014-04-06,9.227881
2014-04-07,45.59622
2014-04-08,30.954927
2014-04-09,43.16518
2014-04-10,33.38977
2014-04-11,36.569935
2014-04-12,28.554867
2014-04-13,27.893717
2014-04-14,39.530006
2014-04-15,30.963991
2014-04-16,33.177628
2014-04-17,19.102192
2014-04-18,10.212084
2014-04-19,5.886689
2014-04-20,0.0
2014-04-21,4.756812
2014-04-22,4.021935
2014-04-23,12.509601
2014-04-24,5.260459
2014-04-25,1.78557
2014-04-26,0.0
2014-04-27,0.0
2014-04-28,9.459413
2014-04-29,27.049227
2014-04-30,41.509354
2014-05-01,37.44203
2014-05-02,35.392147
2014-05-03,32.778984
2014-05-04,23.263021
2014-05-05,27.18282
2014-05-06,39.077084
2014-05-07,31.417704
2014-05-08,40.842857
2014-05-09,91.59901
2014-05-10,24.041536
2014-05-11,21.133818
2014-05-12,28.494326
2014-05-13,28.165716
2014-05-14,37.571667
2014-05-15,30.977283
2014-05-16,26.48279
2014-05-17,14.776524
2014-05-18,19.597002
2014-05-19,37.43989
2014-05-20,46.65511
2014-05-21,49.8292
2014-05-22,72.77346
2014-05-23,26.299421
2014-05-24,27.551468
2014-05-25,29.268192
2014-05-26,29.22929
2014-05-27,21.938486
2014-05-28,96.10753
2014-05-29,36.19343
2014-05-30,39.18374
2014-05-31,20.13083
2014-06-01,56.571724
2014-06-02,37.694973
2014-06-03,40.08715
2014-06-04,37.681976
2014-06-05,23.022243
2014-06-06,46.42443
2014-06-07,47.62387
2014-06-08,50.23596
2014-06-09,50.58006
2014-06-10,34.19904
2014-06-11,43.420277
2014-06-12,22.884445
2014-06-13,59.263477
2014-06-14,38.472904
2014-06-15,13.794358
2014-06-16,61.401787
2014-06-17,36.10715
2014-06-18,23.86961
2014-06-19,88.17368
2014-06-20,31.698856
2014-06-21,39.685802
2014-06-22,27.14195
2014-06-23,24.758919
2014-06-24,32.438995
2014-06-25,38.03993
2014-06-26,16.767889
2014-06-27,35.82679
2014-06-28,44.718735
2014-06-29,108.03876
2014-06-30,35.877167
2014-07-01,48.632336
2014-07-02,31.257942
2014-07-03,45.27691
2014-07-04,29.068483
2014-07-05,35.908894
2014-07-06,43.911697
2014-07-07,45.514294
2014-07-08,50.38897
2014-07-09,28.215918
2014-07-10,97.05522
2014-07-11,25.830872
2014-07-12,27.193579
2014-07-13,34.532024
2014-07-14,49.858364
2014-07-15,26.616392
2014-07-16,44.812134
2014-07-17,30.51365
2014-07-18,23.369598
2014-07-19,37.65458
2014-07-20,110.67657
2014-07-21,96.963005
2014-07-22,22.323385
2014-07-23,20.986322
2014-07-24,49.33434
2014-07-25,41.10006
2014-07-26,61.222145
2014-07-27,49.633785
2014-07-28,40.02338
2014-07-29,61.219296
2014-07-30,33.93518
2014-07-31,51.06245
2014-08-01,53.839897
2014-08-02,13.510014
2014-08-03,29.291853
2014-08-04,29.32184
2014-08-05,36.520153
2014-08-06,31.081244
2014-08-07,46.339596
2014-08-08,56.401684
2014-08-09,24.902105
2014-08-10,58.711464
2014-08-11,99.242325
2014-08-12,32.111256
2014-08-13,65.6048
2014-08-14,28.900007
2014-08-15,35.672394
2014-08-16,57.155266
2014-08-17,92.31394
2014-08-18,29.363628
2014-08-19,43.83032
2014-08-20,94.6324
2014-08-21,34.91814
2014-08-22,19.609314
2014-08-23,48.441223
2014-08-24,37.10085
2014-08-25,86.53998
2014-08-26,54.47601
2014-08-27,35.55958
2014-08-28,32.92036
2014-08-29,26.334553
2014-08-30,20.402714
2014-08-31,28.685333
2014-09-01,19.774565
2014-09-02,34.077908
2014-09-03,83.07289
2014-09-04,40.61163
2014-09-05,102.67581
2014-09-06,42.367752
2014-09-07,7.382487
2014-09-08,61.34923
2014-09-09,95.09016
2014-09-10,31.682484
2014-09-11,44.34663
2014-09-12,32.12239
2014-09-13,65.78675
2014-09-14,32.729984
2014-09-15,47.97786
2014-09-16,31.247381
2014-09-17,30.213413
2014-09-18,40.995476
2014-09-19,72.73731
2014-09-20,40.02148
2014-09-21,65.711586
2014-09-22,99.359695
2014-09-23,27.501663
2014-09-24,57.442066
2014-09-25,39.787457
2014-09-26,104.66697
2014-09-27,28.715384
2014-09-28,41.91774
2014-09-29,29.579601
2014-09-30,42.871178
2014-10-01,54.17916
2014-10-02,52.181767
2014-10-03,49.78193
2014-10-04,96.7855
2014-10-05,8.101331
2014-10-06,35.457344
2014-10-07,32.00155
2014-10-08,35.251095
2014-10-09,46.62704
2014-10-10,40.852654
2014-10-11,36.765064
2014-10-12,49.693092
2014-10-13,32.646038
2014-10-14,45.170338
2014-10-15,33.240593
2014-10-16,62.248016
2014-10-17,62.250923
2014-10-18,27.309135
2014-10-19,54.888725
2014-10-20,36.64169
2014-10-21,47.784233
2014-10-22,30.098923
2014-10-23,33.37826
2014-10-24,46.654552
2014-10-25,37.4506
2014-10-26,29.665491
2014-10-27,89.1079
2014-10-28,35.8329
2014-10-29,54.785007
2014-10-30,24.075977
2014-10-31,27.805006
2014-11-01,23.370579
2014-11-02,76.71743
2014-11-03,37.11846
2014-11-04,63.486095
2014-11-05,35.530537
2014-11-06,46.106792
2014-11-07,48.996243
2014-11-08,35.485683
2014-11-09,16.595999
2014-11-10,49.162148
2014-11-11,39.106133
2014-11-12,84.45482
2014-11-13,25.559198
2014-11-14,32.098087
2014-11-15,15.51603
2014-11-16,46.101074
2014-11-17,55.686695
2014-11-18,76.25924
2014-11-19,39.411842
2014-11-20,53.968826
2014-11-21,46.38101
2014-11-22,47.58288
2014-11-23,47.90005
2014-11-24,22.840595
2014-11-25,57.004868
2014-11-26,42.74297
2014-11-27,16.429047
2014-11-28,29.591045
2014-11-29,77.056725
2014-11-30,36.13297
2014-12-01,38.51397
2014-12-02,33.521538
2014-12-03,38.082264
2014-12-04,48.354618
2014-12-05,47.826588
2014-12-06,40.31538
2014-12-07,48.29693
2014-12-08,30.62274
2014-12-09,35.368282
2014-12-10,59.17778
2014-12-11,23.90324
2014-12-12,39.039482
2014-12-13,89.56326
2014-12-14,5.889314
2014-12-15,37.626076
2014-12-16,59.428337
2014-12-17,34.398254
2014-12-18,58.978024
2014-12-19,39.730705
2014-12-20,33.79009
2014-12-21,27.891167
2014-12-22,34.718117
2014-12-23,35.190506
2014-12-24,26.869974
2014-12-25,12.87698
2014-12-26,13.16433
2014-12-27,34.2086
2014-12-28,6.671964
2014-12-29,27.057981
2014-12-30,35.89205
2014-12-31,11.591971
2015-01-01,15.735627
2015-01-02,17.47612
2015-01-03,10.11116
2015-01-04,21.492836
2015-01-05,49.87302
2015-01-06,69.32039
2015-01-07,50.09706
2015-01-08,40.891487
2015-01-09,52.957207
2015-01-10,40.01039
2015-01-11,79.995094
2015-01-12,29.542639
2015-01-13,16.763403
2015-01-14,36.050865
2015-01-15,29.149353
2015-01-16,49.043865
2015-01-17,42.51657
2015-01-18,36.771767
2015-01-19,29.402475
2015-01-20,53.4219
2015-01-21,131.96165
2015-01-22,32.907097
2015-01-23,88.06932
2015-01-24,31.49478
2015-01-25,13.210157
2015-01-26,34.74468
2015-01-27,32.720253
2015-01-28,30.961546
2015-01-29,37.336956
2015-01-30,53.127186
2015-01-31,26.575134
2015-02-01,42.213047
2015-02-02,36.629295
2015-02-03,34.442467
2015-02-04,35.756866
2015-02-05,89.99474
2015-02-06,29.277538
2015-02-07,78.01247
2015-02-08,24.562267
2015-02-09,33.524536
2015-02-10,86.2722
2015-02-11,43.482727
2015-02-12,34.75546
2015-02-13,49.587852
2015-02-14,54.631382
2015-02-15,35.103146
2015-02-16,25.602676
2015-02-17,41.674038
2015-02-18,40.043503
2015-02-19,39.22255
2015-02-20,44.048523
2015-02-21,17.17235
2015-02-22,31.386683
2015-02-23,42.862064
2015-02-24,43.122997
2015-02-25,87.229836
2015-02-26,83.28735
2015-02-27,20.825455
2015-02-28,21.895977
2015-03-01,17.01278
2015-03-02,20.138403
2015-03-03,30.01328
2015-03-04,27.114407
2015-03-05,51.0414
2015-03-06,41.872093
2015-03-07,37.02805
2015-03-08,30.303934
2015-03-09,64.796326
2015-03-10,32.413666
2015-03-11,36.36137
2015-03-12,30.894402
2015-03-13,36.952522
2015-03-14,11.213027
2015-03-15,32.882275
2015-03-16,28.00779
2015-03-17,52.918983
2015-03-18,52.52931
2015-03-19,52.374073
2015-03-20,43.000813
2015-03-21,25.903046
2015-03-22,32.185295
2015-03-23,30.230083
2015-03-24,45.691906
2015-03-25,33.167267
2015-03-26,39.949455
2015-03-27,41.05156
2015-03-28,24.976269
2015-03-29,27.063005
2015-03-30,104.34091
2015-03-31,36.422253
2015-04-01,31.58073
2015-04-02,88.775444
2015-04-03,30.977446
2015-04-04,41.05776
2015-04-05,12.011795
2015-04-06,35.844803
2015-04-07,44.99442
2015-04-08,37.95938
2015-04-09,48.29792
2015-04-10,42.013428
2015-04-11,20.041393
2015-04-12,12.08437
2015-04-13,41.3512
2015-04-14,46.402325
2015-04-15,41.128128
2015-04-16,90.498024
2015-04-17,42.454002
2015-04-18,19.486355
2015-04-19,16.93963
2015-04-20,43.820686
2015-04-21,46.477757
2015-04-22,41.36793
2015-04-23,27.667566
2015-04-24,32.05895
2015-04-25,44.041718
2015-04-26,26.206
2015-04-27,25.590818
2015-04-28,62.394745
2015-04-29,50.32024
2015-04-30,35.815243
2015-05-01,28.592745
2015-05-02,43.972527
2015-05-03,33.851738
2015-05-04,40.128204
2015-05-05,75.863434
2015-05-06,14.884139
2015-05-07,41.157303
2015-05-08,32.747387
2015-05-09,49.39693
2015-05-10,29.888912
2015-05-11,41.845394
2015-05-12,80.3002
2015-05-13,30.518572
2015-05-14,21.470818
2015-05-15,51.076782
2015-05-16,24.817072
2015-05-17,24.616617
2015-05-18,58.909218
2015-05-19,71.23023
2015-05-20,49.434395
2015-05-21,40.949665
2015-05-22,32.369934
2015-05-23,15.030611
2015-05-24,37.48486
2015-05-25,29.316248
2015-05-26,46.105152
2015-05-27,42.06077
2015-05-28,38.118736
2015-05-29,36.506752
2015-05-30,64.054115
2015-05-31,45.604282
2015-06-01,41.686634
2015-06-02,41.742626
2015-06-03,83.2706
2015-06-04,54.565014
2015-06-05,61.98617
2015-06-06,40.857235
2015-06-07,58.310482
2015-06-08,43.562786
2015-06-09,19.84178
2015-06-10,54.39514
2015-06-11,21.948418
2015-06-12,36.451145
2015-06-13,30.889645
2015-06-14,25.006516
2015-06-15,30.906242
2015-06-16,34.148712
2015-06-17,40.937725
2015-06-18,50.421406
2015-06-19,34.626312
2015-06-20,65.37295
2015-06-21,11.917914
2015-06-22,43.969563
2015-06-23,48.135242
2015-06-24,23.368141
2015-06-25,29.519445
2015-06-26,44.186214
2015-06-27,44.154747
2015-06-28,27.499601
2015-06-29,27.234735
2015-06-30,41.9082
2015-07-01,31.341045
2015-07-02,44.447838
2015-07-03,27.93418
2015-07-04,21.719303
2015-07-05,26.654783
2015-07-06,96.70209
2015-07-07,40.807167
2015-07-08,85.75923
2015-07-09,21.020716
2015-07-10,39.927616
2015-07-11,40.600018
2015-07-12,26.250586
2015-07-13,32.95365
2015-07-14,89.47036
2015-07-15,42.04084
2015-07-16,42.745346
2015-07-17,41.297848
2015-07-18,18.748028
2015-07-19,27.035137
2015-07-20,39.017326
2015-07-21,58.687366
2015-07-22,74.08817
2015-07-23,36.01451
2015-07-24,52.647797
2015-07-25,35.31326
2015-07-26,22.276213
2015-07-27,36.82456
2015-07-28,40.516327
2015-07-29,43.737488
2015-07-30,49.318638
2015-07-31,44.255737
2015-08-01,27.986032
2015-08-02,32.102776
2015-08-03,56.349174
2015-08-04,43.879116
2015-08-05,50.07589
2015-08-06,51.52394
2015-08-07,29.239153
2015-08-08,27.64063
2015-08-09,40.926697
2015-08-10,29.411781
2015-08-11,41.398933
2015-08-12,58.415302
2015-08-13,27.507301
2015-08-14,11.4557
2015-08-15,53.14095
2015-08-16,40.739105
2015-08-17,47.914032
2015-08-18,33.130928
2015-08-19,37.036053
2015-08-20,30.645761
2015-08-21,44.106197
2015-08-22,29.649977
2015-08-23,25.77738
2015-08-24,44.54909
2015-08-25,44.739124
2015-08-26,38.226334
2015-08-27,40.33556
2015-08-28,34.744797
2015-08-29,23.948744
2015-08-30,28.771208
2015-08-31,43.2115
2015-09-01,23.982128
2015-09-02,26.950344
2015-09-03,42.44858
2015-09-04,82.51206
2015-09-05,12.335637
2015-09-06,24.693445
2015-09-07,26.377829
2015-09-08,46.894623
2015-09-09,42.1075
2015-09-10,27.500156
2015-09-11,40.967506
2015-09-12,26.829811
2015-09-13,30.243574
2015-09-14,32.86188
2015-09-15,61.126934
2015-09-16,27.825245
2015-09-17,53.696686
2015-09-18,43.60856
2015-09-19,43.560184
2015-09-20,10.366631
2015-09-21,41.732464
2015-09-22,36.53416
2015-09-23,43.917305
2015-09-24,29.966583
2015-09-25,43.424694
2015-09-26,92.64922
2015-09-27,23.481983
2015-09-28,18.870493
2015-09-29,43.535862
2015-09-30,74.75375
2015-10-01,49.54595
2015-10-02,52.48872
2015-10-03,29.013111
2015-10-04,12.386687
2015-10-05,19.852036
2015-10-06,19.393097
2015-10-07,42.49202
2015-10-08,39.71797
2015-10-09,28.954105
2015-10-10,30.766644
2015-10-11,13.347701
2015-10-12,22.9751
2015-10-13,51.61426
2015-10-14,41.071716
2015-10-15,37.065807
2015-10-16,56.922493
2015-10-17,43.955643
2015-10-18,10.821961
2015-10-19,33.57895
2015-10-20,38.993027
2015-10-21,33.33185
2015-10-22,37.21754
2015-10-23,26.830204
2015-10-24,43.893154
2015-10-25,35.199898
2015-10-26,34.75184
2015-10-27,43.630047
2015-10-28,34.894436
2015-10-29,39.696316
2015-10-30,35.016712
2015-10-31,18.794092
2015-11-01,26.396034
2015-11-02,64.4047
2015-11-03,36.15348
2015-11-04,41.28682
2015-11-05,33.337524
2015-11-06,22.328077
2015-11-07,37.156364
2015-11-08,19.685677
2015-11-09,47.584084
2015-11-10,48.051933
2015-11-11,38.598583
2015-11-12,38.579266
2015-11-13,55.646515
2015-11-14,15.94104
2015-11-15,33.891037
2015-11-16,53.967728
2015-11-17,33.015633
2015-11-18,25.091103
2015-11-19,38.378494
2015-11-20,47.316322
2015-11-21,20.368067
2015-11-22,35.242294
2015-11-23,60.709923
2015-11-24,42.87751
2015-11-25,32.975563
2015-11-26,12.35942
2015-11-27,38.856297
2015-11-28,51.07022
2015-11-29,32.91804
2015-11-30,52.09897
2015-12-01,40.255783
2015-12-02,11.249493
2015-12-03,39.107548
2015-12-04,45.62776
2015-12-05,20.441387
2015-12-06,22.2218
2015-12-07,95.62993
2015-12-08,34.19369
2015-12-09,45.60678
2015-12-10,43.612213
2015-12-11,40.35319
2015-12-12,23.25325
2015-12-13,21.434408
2015-12-14,56.78368
2015-12-15,46.7776
2015-12-16,61.451096
2015-12-17,52.366512
2015-12-18,54.85176
2015-12-19,57.930122
2015-12-20,26.22107
2015-12-21,42.439285
2015-12-22,51.014416
2015-12-23,38.394917
2015-12-24,62.861664
2015-12-25,7.435488
2015-12-26,42.14736
2015-12-27,9.143129
2015-12-28,48.287815
2015-12-29,50.06286
2015-12-30,42.440094
2015-12-31,49.65895
2016-01-01,15.167512
2016-01-02,32.169987
2016-01-03,29.133196
2016-01-04,54.028824
2016-01-05,57.78632
2016-01-06,49.598064
2016-01-07,37.632973
2016-01-08,63.37376
2016-01-09,55.670868
2016-01-10,33.853252
2016-01-11,36.679047
2016-01-12,46.503155
2016-01-13,41.2484
2016-01-14,54.336693
2016-01-15,45.150608
2016-01-16,28.462164
2016-01-17,38.448925
2016-01-18,37.82348
2016-01-19,43.647343
2016-01-20,63.593273
2016-01-21,60.727444
2016-01-22,27.598482
2016-01-23,41.07843
2016-01-24,16.851637
2016-01-25,39.74088
2016-01-26,49.13426
2016-01-27,52.217228
2016-01-28,41.959755
2016-01-29,40.64443
2016-01-30,22.880884
2016-01-31,43.2953
2016-02-01,35.744003
2016-02-02,37.25145
2016-02-03,54.799896
2016-02-04,59.087418
2016-02-05,40.88662
2016-02-06,31.194063
2016-02-07,34.897125
2016-02-08,51.376244
2016-02-09,28.07579
2016-02-10,47.641987
2016-02-11,25.337328
2016-02-12,46.31465
2016-02-13,42.862713
2016-02-14,34.9462
2016-02-15,22.866976
2016-02-16,43.6317
2016-02-17,18.92509
2016-02-18,40.857597
2016-02-19,35.114395
2016-02-20,56.8816
2016-02-21,41.07206
2016-02-22,47.570248
2016-02-23,23.00693
2016-02-24,33.7072
2016-02-25,55.83706
2016-02-26,31.900526
2016-02-27,26.848269
2016-02-28,43.007416
2016-02-29,46.036312
2016-03-01,49.821213
2016-03-02,41.06885
2016-03-03,32.447308
2016-03-04,41.672375
2016-03-05,14.26069
2016-03-06,57.971207
2016-03-07,47.396107
2016-03-08,37.82458
2016-03-09,43.572918
2016-03-10,34.246113
2016-03-11,52.170986
2016-03-12,33.235737
2016-03-13,33.92198
2016-03-14,38.690098
2016-03-15,45.60258
2016-03-16,40.969486
2016-03-17,43.219116
2016-03-18,45.943966
2016-03-19,36.434555
2016-03-20,33.38882
2016-03-21,46.08439
2016-03-22,33.94105
2016-03-23,57.430576
2016-03-24,42.465042
2016-03-25,62.443897
2016-03-26,69.725174
2016-03-27,40.69356
2016-03-28,40.863625
2016-03-29,49.47982
2016-03-30,40.150433
2016-03-31,76.1885
2016-04-01,46.91546
2016-04-02,25.12727
2016-04-03,18.670732
2016-04-04,46.46219
2016-04-05,64.15023
2016-04-06,38.895107
2016-04-07,47.45793
2016-04-08,36.29201
2016-04-09,62.392406
2016-04-10,17.590532
2016-04-11,20.823221
2016-04-12,49.002895
2016-04-13,38.980457
2016-04-14,31.745068
2016-04-15,55.58351
2016-04-16,49.070133
2016-04-17,34.14433
2016-04-18,59.993507
2016-04-19,42.02441
2016-04-20,13.892106
2016-04-21,44.155994
2016-04-22,52.679337
2016-04-23,23.818903
2016-04-24,36.712765
2016-04-25,47.640106
2016-04-26,44.562534
2016-04-27,65.921104
2016-04-28,39.571903
2016-04-29,37.757416
2016-04-30,60.278744
2016-05-01,27.662598
2016-05-02,56.697525
2016-05-03,39.30109
2016-05-04,44.243683
2016-05-05,46.229042
2016-05-06,34.145966
2016-05-07,58.500362
2016-05-08,18.599459
2016-05-09,53.791416
2016-05-10,62.078335
2016-05-11,44.202442
2016-05-12,68.9992
2016-05-13,72.34072
2016-05-14,43.93799
2016-05-15,43.79179
2016-05-16,29.967676
2016-05-17,36.881454
2016-05-18,55.59297
2016-05-19,43.32098
2016-05-20,26.915268
2016-05-21,40.713528
2016-05-22,39.555904
2016-05-23,53.231045
2016-05-24,40.483074
2016-05-25,68.29991
2016-05-26,44.8403
2016-05-27,41.474503
2016-05-28,72.45199
2016-05-29,24.659151
2016-05-30,59.371277
2016-05-31,80.18408
2016-06-01,35.376408
2016-06-02,27.791203
2016-06-03,81.33168
2016-06-04,39.407074
2016-06-05,32.754456
2016-06-06,47.662457
2016-06-07,31.519724
2016-06-08,50.29235
2016-06-09,45.986042
2016-06-10,36.323013
2016-06-11,31.203766
2016-06-12,14.565802
2016-06-13,34.972767
2016-06-14,46.40363
2016-06-15,60.742714
2016-06-16,33.437454
2016-06-17,33.095127
2016-06-18,27.364637
2016-06-19,40.21721
2016-06-20,37.97408
2016-06-21,80.80726
2016-06-22,32.176067
2016-06-23,44.006207
2016-06-24,47.85066
2016-06-25,27.232714
2016-06-26,37.16518
2016-06-27,41.54529
2016-06-28,34.666443
2016-06-29,41.5812
2016-06-30,45.6613
2016-07-01,31.585047
2016-07-02,43.067074
2016-07-03,49.445526
2016-07-04,8.970597
2016-07-05,36.431538
2016-07-06,42.667267
2016-07-07,52.404404
2016-07-08,48.18796
2016-07-09,25.091095
2016-07-10,23.382137
2016-07-11,60.983067
2016-07-12,30.663736
2016-07-13,35.742043
2016-07-14,33.530758
2016-07-15,35.030804
2016-07-16,53.448322
2016-07-17,13.972182
2016-07-18,32.699238
2016-07-19,56.33887
2016-07-20,53.239456
2016-07-21,46.2764
2016-07-22,42.358006
2016-07-23,45.784397
2016-07-24,46.12896
2016-07-25,28.704689
2016-07-26,41.09353
2016-07-27,95.52487
2016-07-28,51.362366
2016-07-29,30.25292
2016-07-30,9.539488
2016-07-31,34.284954
2016-08-01,40.355305
2016-08-02,54.062664
2016-08-03,42.690872
2016-08-04,26.808025
2016-08-05,52.216187
2016-08-06,32.175297
2016-08-07,68.020615
2016-08-08,35.649715
2016-08-09,77.06232
2016-08-10,35.01927
2016-08-11,34.430004
2016-08-12,57.34126
2016-08-13,38.443783
2016-08-14,20.146765
2016-08-15,55.109753
2016-08-16,39.06331
2016-08-17,51.079502
2016-08-18,38.519543
2016-08-19,51.699085
2016-08-20,38.698742
2016-08-21,37.302685
2016-08-22,40.509995
2016-08-23,57.273937
2016-08-24,28.023375
2016-08-25,50.071606
2016-08-26,29.27498
2016-08-27,39.126102
2016-08-28,35.508865
2016-08-29,27.327541
2016-08-30,35.79684
2016-08-31,44.7165
2016-09-01,36.974003
2016-09-02,47.967537
2016-09-03,18.399405
2016-09-04,14.082192
2016-09-05,21.250235
2016-09-06,32.90741
2016-09-07,31.119152
2016-09-08,36.473392
2016-09-09,33.98151
2016-09-10,38.854843
2016-09-11,28.015373
2016-09-12,29.372667
2016-09-13,39.801304
2016-09-14,39.82338
2016-09-15,42.68529
2016-09-16,43.608772
2016-09-17,44.20571
2016-09-18,34.4299
2016-09-19,35.494804
2016-09-20,39.320896
2016-09-21,42.47704
2016-09-22,51.742615
2016-09-23,43.49968
2016-09-24,26.642473
2016-09-25,53.95618
2016-09-26,40.77108
2016-09-27,50.436497
2016-09-28,45.013004
2016-09-29,25.449463
2016-09-30,109.44992
2016-10-01,25.343878
2016-10-02,27.26287
2016-10-03,60.47976
2016-10-04,52.036304
2016-10-05,53.494686
2016-10-06,50.596565
2016-10-07,51.726948
2016-10-08,44.588795
2016-10-09,29.482002
2016-10-10,37.243023
2016-10-11,49.480927
2016-10-12,27.30884
2016-10-13,55.282646
2016-10-14,93.00895
2016-10-15,26.435163
2016-10-16,87.0131
2016-10-17,64.55393
2016-10-18,61.104076
2016-10-19,38.414734
2016-10-20,36.503593
2016-10-21,40.224064
2016-10-22,22.7613
2016-10-23,22.84639
2016-10-24,45.415436
2016-10-25,57.235474
2016-10-26,46.362034
2016-10-27,45.563
2016-10-28,42.139
2016-10-29,63.361
2016-10-30,12.653
2016-10-31,54.462
2016-11-01,67.311
2016-11-02,60.36
2016-11-03,64.716
2016-11-04,35.868
2016-11-05,45.732
2016-11-06,24.277
2016-11-07,14.423
2016-11-08,54.3
2016-11-09,25.807
2016-11-10,33.97
2016-11-11,36.883
2016-11-12,41.092
2016-11-13,35.332
2016-11-14,30.567
2016-11-15,38.195
2016-11-16,70.093
2016-11-17,34.929
2016-11-18,34.575
2016-11-19,42.691
2016-11-20,20.614
2016-11-21,31.727
2016-11-22,26.619
2016-11-23,29.225
2016-11-24,18.391
2016-11-25,57.915
2016-11-26,41.856
2016-11-27,17.319
2016-11-28,35.824
2016-11-29,32.596
2016-11-30,33.656
2016-12-01,40.208
2016-12-02,40.976
2016-12-03,23.048
2016-12-04,0.452
2016-12-05,60.399
2016-12-06,35.294
2016-12-07,39.552
2016-12-08,38.217
2016-12-09,65.994
2016-12-10,78.572
2016-12-11,62.793
2016-12-12,78.355
2016-12-13,72.181
2016-12-14,46.983
2016-12-15,33.509
2016-12-16,94.354
2016-12-17,25.382
2016-12-18,34.258
2016-12-19,46.527
2016-12-20,43.269
2016-12-21,32.997
2016-12-22,38.491
2016-12-23,35.379
2016-12-24,9.91
2016-12-25,0.0
2016-12-26,17.245
2016-12-27,18.729
2016-12-28,36.19
2016-12-29,25.58
2016-12-30,33.717
2016-12-31,91.682
2017-01-01,7.673
2017-01-02,54.877
2017-01-03,37.138
2017-01-04,42.381
2017-01-05,43.04
2017-01-06,48.055
2017-01-07,34.337
2017-01-08,13.257
2017-01-09,27.577
2017-01-10,32.535
2017-01-11,11.244
2017-01-12,26.786
2017-01-13,27.781
2017-01-14,18.052
2017-01-15,43.726
2017-01-16,41.542
2017-01-17,30.152
2017-01-18,39.994
2017-01-19,32.165
2017-01-20,40.42
2017-01-21,26.694
2017-01-22,0.0
2017-01-23,19.954
2017-01-24,30.838
2017-01-25,39.629
2017-01-26,22.818
2017-01-27,42.458
2017-01-28,32.38
2017-01-29,67.278
2017-01-30,28.408
2017-01-31,43.37
2017-02-01,56.205
2017-02-02,37.34
2017-02-03,29.771
2017-02-04,46.293
2017-02-05,19.945
2017-02-06,42.42
2017-02-07,30.475
2017-02-08,20.75
2017-02-09,45.813
2017-02-10,52.831
2017-02-11,7.188
2017-02-12,18.224
2017-02-13,31.204
2017-02-14,33.465
2017-02-15,38.334
2017-02-16,31.354
2017-02-17,55.339
2017-02-18,22.519
2017-02-19,16.145
2017-02-20,49.299
2017-02-21,62.399
2017-02-22,35.125
2017-02-23,36.564
2017-02-24,31.395
2017-02-25,30.371
2017-02-26,31.714
2017-02-27,66.559
2017-02-28,59.069
2017-03-01,60.704
2017-03-02,41.076
2017-03-03,45.274
2017-03-04,29.431
2017-03-05,36.895
2017-03-06,38.588
2017-03-07,30.511
2017-03-08,56.452
2017-03-09,63.001
2017-03-10,33.181
2017-03-11,38.242
2017-03-12,36.773
2017-03-13,38.845
2017-03-14,36.139
2017-03-15,26.803
2017-03-16,33.131
2017-03-17,57.849
2017-03-18,35.245
2017-03-19,13.898
2017-03-20,59.941
2017-03-21,42.127
2017-03-22,52.95
2017-03-23,41.637
2017-03-24,40.535
2017-03-25,33.946
2017-03-26,17.366
2017-03-27,54.468
2017-03-28,64.004
2017-03-29,46.395
2017-03-30,42.236
2017-03-31,113.567
2017-04-01,18.221
2017-04-02,11.276
2017-04-03,54.836
2017-04-04,64.659
2017-04-05,47.755
2017-04-06,44.516
2017-04-07,89.315
2017-04-08,17.397
2017-04-09,35.707
2017-04-10,49.367
2017-04-11,50.626
2017-04-12,59.302
2017-04-13,44.845
2017-04-14,66.283
2017-04-15,27.991
2017-04-16,17.17
2017-04-17,47.37
2017-04-18,42.123
2017-04-19,38.964
2017-04-20,50.569
2017-04-21,44.903
2017-04-22,37.271
2017-04-23,11.206
2017-04-24,51.852
2017-04-25,38.333
2017-04-26,49.113
2017-04-27,59.253
2017-04-28,41.948
2017-04-29,31.253
2017-04-30,29.879
2017-05-01,30.656
2017-05-02,51.217
2017-05-03,33.146
2017-05-04,39.716
2017-05-05,25.683
2017-05-06,38.2
2017-05-07,20.31
2017-05-08,44.444
2017-05-09,45.819
2017-05-10,66.379
2017-05-11,45.432
2017-05-12,41.402
2017-05-13,31.704
2017-05-14,40.362
2017-05-15,37.879
2017-05-16,34.453
2017-05-17,32.063
2017-05-18,27.611
2017-05-19,37.752
2017-05-20,36.571
2017-05-21,29.74
2017-05-22,34.985
2017-05-23,40.235
2017-05-24,35.284
2017-05-25,40.249
2017-05-26,41.802
2017-05-27,45.532
2017-05-28,25.368
2017-05-29,27.489
2017-05-30,49.875
2017-05-31,47.137
2017-06-01,32.209
2017-06-02,63.633
2017-06-03,16.806
2017-06-04,31.998
2017-06-05,43.064
2017-06-06,27.939
2017-06-07,40.773
2017-06-08,24.449
2017-06-09,29.577
2017-06-10,33.929
2017-06-11,21.26
2017-06-12,60.117
2017-06-13,42.464
2017-06-14,51.625
2017-06-15,33.632
2017-06-16,26.595
2017-06-17,6.867
2017-06-18,32.923
2017-06-19,53.139
2017-06-20,34.967
2017-06-21,52.2
2017-06-22,21.947
2017-06-23,32.595
2017-06-24,54.19
2017-06-25,46.862
2017-06-26,66.044
2017-06-27,38.422
2017-06-28,51.384
2017-06-29,51.956
2017-06-30,31.711
2017-07-01,40.004
2017-07-02,21.863
2017-07-03,63.85
2017-07-04,14.935
2017-07-05,47.756
2017-07-06,59.03
2017-07-07,48.363
2017-07-08,32.146
2017-07-09,27.674
2017-07-10,36.596
2017-07-11,37.58
2017-07-12,48.67
2017-07-13,36.216
2017-07-14,41.27
2017-07-15,24.753
2017-07-16,48.55
2017-07-17,27.352
2017-07-18,47.229
2017-07-19,50.768
2017-07-20,28.344
2017-07-21,38.297
2017-07-22,22.362
2017-07-23,35.085
2017-07-24,36.187
2017-07-25,45.363
2017-07-26,31.677
2017-07-27,31.765
2017-07-28,37.785
2017-07-29,24.686
2017-07-30,39.054
2017-07-31,55.1
2017-08-01,19.878
2017-08-02,7.405
2017-08-03,27.965
2017-08-04,15.638
2017-08-05,19.818
2017-08-06,19.779
2017-08-07,19.127
2017-08-08,36.659
2017-08-09,36.268
2017-08-10,35.906
2017-08-11,29.019
2017-08-12,22.72
2017-08-13,12.573
2017-08-14,43.184
2017-08-15,52.819
2017-08-16,37.265
2017-08-17,39.352
2017-08-18,45.347
2017-08-19,23.065
2017-08-20,26.803
2017-08-21,29.657
2017-08-22,32.748
2017-08-23,50.071
2017-08-24,17.766
2017-08-25,36.585
2017-08-26,34.014
2017-08-27,24.77
2017-08-28,22.63
2017-08-29,27.611
2017-08-30,22.587
2017-08-31,12.27
2017-09-01,57.889
2017-09-02,2.685
2017-09-03,6.041
2017-09-04,1.321
2017-09-05,14.04
2017-09-06,22.426
2017-09-07,60.848
2017-09-08,30.74
2017-09-09,23.537
2017-09-10,37.563
2017-09-11,23.813
2017-09-12,41.045
2017-09-13,27.599
2017-09-14,31.415
2017-09-15,37.545
2017-09-16,25.814
2017-09-17,17.429
2017-09-18,36.706
2017-09-19,41.299
2017-09-20,47.809
2017-09-21,29.076
2017-09-22,21.238
2017-09-23,36.604
2017-09-24,20.078
2017-09-25,28.039
2017-09-26,35.475
2017-09-27,25.806
2017-09-28,37.322
2017-09-29,47.105
2017-09-30,29.52
2017-10-01,28.977
2017-10-02,44.387
2017-10-03,58.366
2017-10-04,47.395
2017-10-05,15.616
2017-10-06,39.24
2017-10-07,20.369
2017-10-08,13.297
2017-10-09,7.844
2017-10-10,33.001
2017-10-11,40.829
2017-10-12,30.215
2017-10-13,41.16
2017-10-14,11.311
2017-10-15,7.886
2017-10-16,31.711
2017-10-17,66.247
2017-10-18,39.004
2017-10-19,36.392
2017-10-20,23.852
2017-10-21,28.519
2017-10-22,46.578
2017-10-23,49.223
2017-10-24,51.161
2017-10-25,38.125
2017-10-26,36.996
2017-10-27,40.015
2017-10-28,38.31
2017-10-29,36.254
2017-10-30,42.491
2017-10-31,41.487
2017-11-01,60.327
2017-11-02,44.324
2017-11-03,34.039
2017-11-04,19.375
2017-11-05,15.157
2017-11-06,28.265
2017-11-07,52.374
2017-11-08,43.404
2017-11-09,33.147
2017-11-10,31.126
2017-11-11,10.345
2017-11-12,22.047
2017-11-13,34.249
2017-11-14,39.594
2017-11-15,35.928
2017-11-16,34.298
2017-11-17,15.492
2017-11-18,19.927
2017-11-19,40.212
2017-11-20,24.569
2017-11-21,28.768
2017-11-22,17.294
2017-11-23,5.822
2017-11-24,27.027
2017-11-25,2.859
2017-11-26,15.129
2017-11-27,43.982
2017-11-28,42.863
2017-11-29,32.188
2017-11-30,51.543
2017-12-01,30.703
2017-12-02,27.248
2017-12-03,41.536
2017-12-04,90.796
2017-12-05,50.604
2017-12-06,26.292
2017-12-07,31.462
2017-12-08,25.922
2017-12-09,11.074
2017-12-10,22.124
2017-12-11,37.223
2017-12-12,69.882
2017-12-13,67.261
2017-12-14,22.497
2017-12-15,51.898
2017-12-16,7.782
2017-12-17,11.447
2017-12-18,39.9
2017-12-19,55.83
2017-12-20,29.3
2017-12-21,31.204
2017-12-22,34.988
2017-12-23,14.312
2017-12-24,29.015
2017-12-25,0.0
2017-12-26,23.235
2017-12-27,32.904
2017-12-28,30.27
2017-12-29,26.965
2017-12-30,13.809
2017-12-31,13.239
2018-01-01,8.049
2018-01-02,28.341
2018-01-03,48.936
2018-01-04,37.097
2018-01-05,39.899
2018-01-06,22.22
2018-01-07,44.837
2018-01-08,35.469
2018-01-09,54.849
2018-01-10,12.684
2018-01-11,20.866
2018-01-12,59.014
2018-01-13,22.695
2018-01-14,47.688
2018-01-15,12.53
2018-01-16,60.986
2018-01-17,40.083
2018-01-18,41.178
2018-01-19,55.083
2018-01-20,36.259
2018-01-21,35.569
2018-01-22,36.203
2018-01-23,51.856
2018-01-24,55.224
2018-01-25,30.083
2018-01-26,36.592
2018-01-27,36.555
2018-01-28,5.905
2018-01-29,17.757
2018-01-30,51.541
2018-01-31,47.633
2018-02-01,38.637
2018-02-02,53.833
2018-02-03,36.104
2018-02-04,16.363
2018-02-05,34.228
2018-02-06,50.612
2018-02-07,46.527
2018-02-08,47.797
2018-02-09,59.728
2018-02-10,31.645
2018-02-11,34.039
2018-02-12,38.991
2018-02-13,44.993
2018-02-14,50.63
2018-02-15,25.175
2018-02-16,32.166
2018-02-17,18.05
2018-02-18,12.85
2018-02-19,27.51
2018-02-20,21.394
2018-02-21,30.824
2018-02-22,57.179
2018-02-23,41.856
2018-02-24,20.075
2018-02-25,9.711
2018-02-26,17.486
2018-02-27,47.747
2018-02-28,40.242
2018-03-01,33.326
2018-03-02,34.591
2018-03-03,21.075
2018-03-04,30.124
2018-03-05,39.569
2018-03-06,39.907
2018-03-07,42.696
2018-03-08,31.616
2018-03-09,40.448
2018-03-10,26.036
2018-03-11,10.932
2018-03-12,43.613
2018-03-13,46.183
2018-03-14,38.742
2018-03-15,48.826
2018-03-16,38.217
2018-03-17,38.093
2018-03-18,22.308
2018-03-19,14.24
2018-03-20,34.93
2018-03-21,42.122
2018-03-22,41.336
2018-03-23,25.733
2018-03-24,14.547
2018-03-25,33.571
2018-03-26,26.23
2018-03-27,58.758
2018-03-28,48.908
2018-03-29,35.565
2018-03-30,17.161
2018-03-31,26.173
2018-04-01,2.303
2018-04-02,44.618
2018-04-03,30.847
2018-04-04,35.616
2018-04-05,31.966
2018-04-06,37.181
2018-04-07,14.17
2018-04-08,5.071
2018-04-09,36.222
2018-04-10,36.97
2018-04-11,44.066
2018-04-12,25.238
2018-04-13,31.454
2018-04-14,13.27
2018-04-15,24.07
2018-04-16,69.044
2018-04-17,43.928
2018-04-18,33.558
2018-04-19,45.165
2018-04-20,58.682
2018-04-21,28.707
2018-04-22,14.469
2018-04-23,22.803
2018-04-24,52.006
2018-04-25,55.922
2018-04-26,34.655
2018-04-27,32.802
2018-04-28,15.018
2018-04-29,23.795
2018-04-30,44.196
2018-05-01,30.333
2018-05-02,42.984
2018-05-03,33.739
2018-05-04,37.595
2018-05-05,23.473
2018-05-06,2.761
2018-05-07,25.032
2018-05-08,26.383
2018-05-09,26.633
2018-05-10,36.451
2018-05-11,53.491
2018-05-12,14.173
2018-05-13,22.789
2018-05-14,22.175
2018-05-15,41.74
2018-05-16,28.727
2018-05-17,27.827
2018-05-18,41.056
2018-05-19,23.503
2018-05-20,41.288
2018-05-21,40.194
2018-05-22,44.929
2018-05-23,40.537
2018-05-24,39.025
2018-05-25,7.641
2018-05-26,24.872
2018-05-27,18.936
2018-05-28,17.328
2018-05-29,43.926
2018-05-30,39.548
2018-05-31,51.631
2018-06-01,35.372
2018-06-02,8.23
2018-06-03,15.347
2018-06-04,12.891
2018-06-05,20.849
2018-06-06,27.506
2018-06-07,43.769
2018-06-08,23.317
2018-06-09,9.032
2018-06-10,33.695
2018-06-11,27.266
2018-06-12,54.063
2018-06-13,28.173
2018-06-14,62.743
2018-06-15,53.886
2018-06-16,43.83
2018-06-17,31.547
2018-06-18,48.566
2018-06-19,48.211
2018-06-20,25.674
2018-06-21,26.238
2018-06-22,32.19
2018-06-23,49.476
2018-06-24,22.221
2018-06-25,45.243
2018-06-26,43.944
2018-06-27,37.447
2018-06-28,35.21
2018-06-29,46.709
2018-06-30,36.642
2018-07-01,26.298
2018-07-02,16.304
2018-07-03,32.891
2018-07-04,19.974
2018-07-05,37.611
2018-07-06,33.47
2018-07-07,47.754
2018-07-08,19.605
2018-07-09,56.306
2018-07-10,56.245
2018-07-11,28.178
2018-07-12,8.544
2018-07-13,22.108
2018-07-14,20.089
2018-07-15,10.997
2018-07-16,30.739
2018-07-17,25.123
2018-07-18,60.538
2018-07-19,33.532
2018-07-20,23.116
2018-07-21,10.738
2018-07-22,29.798
2018-07-23,26.734
2018-07-24,33.821
2018-07-25,41.9
2018-07-26,44.218
2018-07-27,36.195
2018-07-28,30.698
2018-07-29,18.655
2018-07-30,17.751
2018-07-31,23.134
2018-08-01,12.461
2018-08-02,28.15
2018-08-03,27.093
2018-08-04,25.982
2018-08-05,8.961
2018-08-06,28.4
2018-08-07,48.163
2018-08-08,35.486
2018-08-09,28.017
2018-08-10,33.4
2018-08-11,15.476
2018-08-12,22.84
2018-08-13,44.374
2018-08-14,40.28
2018-08-15,45.543
2018-08-16,6.882
2018-08-17,26.394
2018-08-18,9.203
2018-08-19,14.207
2018-08-20,21.345
2018-08-21,39.893
2018-08-22,49.074
2018-08-23,28.567
2018-08-24,33.761
2018-08-25,31.551
2018-08-26,37.154
2018-08-27,30.811
2018-08-28,12.741
2018-08-29,36.87
2018-08-30,45.868
2018-08-31,33.691
2018-09-01,11.628
2018-09-02,28.144
2018-09-03,17.749
2018-09-04,25.053
2018-09-05,18.515
2018-09-06,66.556
2018-09-07,25.236
2018-09-08,11.008
2018-09-09,25.632
2018-09-10,35.746
2018-09-11,41.23
2018-09-12,17.559
2018-09-13,35.696
2018-09-14,20.43
2018-09-15,43.679
2018-09-16,9.56
2018-09-17,14.113
2018-09-18,34.901
2018-09-19,45.428
2018-09-20,36.808
2018-09-21,37.094
2018-09-22,38.757
2018-09-23,11.514
2018-09-24,48.432
2018-09-25,39.173
2018-09-26,30.202
2018-09-27,23.274
2018-09-28,18.106
2018-09-29,45.591
2018-09-30,26.003
2018-10-01,13.137
2018-10-02,27.204
2018-10-03,39.462
2018-10-04,14.411
2018-10-05,41.478
2018-10-06,17.756
2018-10-07,38.523
2018-10-08,22.816
2018-10-09,42.033
2018-10-10,26.278
2018-10-11,23.585
2018-10-12,46.188
2018-10-13,21.504
2018-10-14,39.866
2018-10-15,20.111
2018-10-16,41.755
2018-10-17,33.275
2018-10-18,46.72
2018-10-19,39.22
2018-10-20,38.131
2018-10-21,15.762
2018-10-22,30.303
2018-10-23,22.722
2018-10-24,48.093
2018-10-25,42.933
2018-10-26,20.008
2018-10-27,22.334
2018-10-28,15.879
2018-10-29,29.221
2018-10-30,28.821
2018-10-31,46.351
2018-11-01,28.707
2018-11-02,42.036
2018-11-03,34.326
2018-11-04,29.782
2018-11-05,22.446
2018-11-06,38.171
2018-11-07,46.969
2018-11-08,22.822
2018-11-09,20.893
2018-11-10,41.03
2018-11-11,18.738
2018-11-12,30.756
2018-11-13,49.431
2018-11-14,38.357
2018-11-15,24.754
2018-11-16,26.285
2018-11-17,14.026
2018-11-18,8.269
2018-11-19,46.605
2018-11-20,49.836
2018-11-21,38.398
2018-11-22,0.0
2018-11-23,15.747
2018-11-24,19.692
2018-11-25,26.982
2018-11-26,32.008
2018-11-27,36.748
2018-11-28,28.084
2018-11-29,43.348
2018-11-30,39.77
2018-12-01,16.397
2018-12-02,25.018
2018-12-03,43.585
2018-12-04,28.139
2018-12-05,51.823
2018-12-06,28.182
2018-12-07,19.831
2018-12-08,17.76
2018-12-09,25.636
2018-12-10,16.853
2018-12-11,33.023
2018-12-12,25.544
2018-12-13,30.381
2018-12-14,36.477
2018-12-15,14.837
2018-12-16,17.197
2018-12-17,38.796
2018-12-18,43.728
2018-12-19,19.027
2018-12-20,73.432
2018-12-21,48.99
2018-12-22,26.537
2018-12-23,0.0
2018-12-24,17.528
2018-12-25,0.0
2018-12-26,19.199
2018-12-27,28.847
2018-12-28,18.325
2018-12-29,10.292
2018-12-30,15.386
2018-12-31,4.858
2019-01-01,5.352
2019-01-02,41.957
2019-01-03,29.179
2019-01-04,32.687
2019-01-05,31.367
2019-01-06,5.38
2019-01-07,39.032
2019-01-08,26.718
2019-01-09,29.047
2019-01-10,32.994
2019-01-11,104.398
2019-01-12,74.644
2019-01-13,34.352
2019-01-14,60.652
2019-01-15,22.472
2019-01-16,19.926
2019-01-17,30.657
2019-01-18,48.908
2019-01-19,40.308
2019-01-20,39.893
2019-01-21,23.722
2019-01-22,34.34
2019-01-23,48.151
2019-01-24,45.582
2019-01-25,57.127
2019-01-26,21.977
2019-01-27,24.611
2019-01-28,28.416
2019-01-29,32.155
2019-01-30,32.068
2019-01-31,53.332
2019-02-01,19.668
2019-02-02,27.069
2019-02-03,0.0
2019-02-04,32.208
2019-02-05,24.814
2019-02-06,40.934
2019-02-07,42.593
2019-02-08,51.016
2019-02-09,24.828
2019-02-10,31.095
2019-02-11,22.653
2019-02-12,40.856
2019-02-13,45.036
2019-02-14,37.525
2019-02-15,34.264
2019-02-16,14.603
2019-02-17,27.46
2019-02-18,40.782
2019-02-19,21.965
2019-02-20,42.237
2019-02-21,28.065
2019-02-22,48.294
2019-02-23,36.828
2019-02-24,27.501
2019-02-25,36.987
2019-02-26,32.199
2019-02-27,33.792
2019-02-28,63.868
2019-03-01,34.251
2019-03-02,27.785
2019-03-03,8.4
2019-03-04,31.072
2019-03-05,50.773
2019-03-06,32.851
2019-03-07,37.266
2019-03-08,39.641
2019-03-09,34.469
2019-03-10,17.289
2019-03-11,47.35
2019-03-12,45.311
2019-03-13,46.538
2019-03-14,117.668
2019-03-15,23.584
2019-03-16,28.907
2019-03-17,16.552
2019-03-18,30.867
2019-03-19,44.848
2019-03-20,35.327
2019-03-21,52.347
2019-03-22,36.373
2019-03-23,21.758
2019-03-24,29.947
2019-03-25,67.507
2019-03-26,34.512
2019-03-27,33.542
2019-03-28,50.915
2019-03-29,21.614
2019-03-30,36.469
2019-03-31,0.0
2019-04-01,25.285
2019-04-02,45.311
2019-04-03,47.531
2019-04-04,36.122
2019-04-05,50.034
2019-04-06,44.595
2019-04-07,20.134
2019-04-08,15.618
2019-04-09,27.622
2019-04-10,37.06
2019-04-11,27.059
2019-04-12,32.885
2019-04-13,29.887
2019-04-14,14.784
2019-04-15,30.985
2019-04-16,42.179
2019-04-17,38.013
2019-04-18,36.074
2019-04-19,25.281
2019-04-20,17.874
2019-04-21,10.758
2019-04-22,30.009
2019-04-23,42.029
2019-04-24,35.93
2019-04-25,36.38
2019-04-26,35.317
2019-04-27,20.863
2019-04-28,25.651
2019-04-29,24.874
2019-04-30,34.465
2019-05-01,33.301
2019-05-02,28.034
2019-05-03,37.359
2019-05-04,45.066
2019-05-05,14.719
2019-05-06,44.708
2019-05-07,22.454
2019-05-08,46.82
2019-05-09,37.096
2019-05-10,40.756
2019-05-11,49.201
2019-05-12,35.091
2019-05-13,47.419
2019-05-14,21.547
2019-05-15,41.961
2019-05-16,54.301
2019-05-17,41.538
2019-05-18,31.271
2019-05-19,16.956
2019-05-20,59.393
2019-05-21,58.522
2019-05-22,47.922
2019-05-23,48.151
2019-05-24,33.862
2019-05-25,23.166
2019-05-26,6.964
2019-05-27,3.003
2019-05-28,58.057
2019-05-29,23.341
2019-05-30,36.621
2019-05-31,53.366
2019-06-01,10.513
2019-06-02,30.009
2019-06-03,76.303
2019-06-04,24.847
2019-06-05,30.091
2019-06-06,52.659
2019-06-07,35.397
2019-06-08,14.612
2019-06-09,19.049
2019-06-10,28.055
2019-06-11,33.051
2019-06-12,36.138
2019-06-13,9.885
2019-06-14,32.468
2019-06-15,18.105
2019-06-16,34.29
2019-06-17,48.774
2019-06-18,40.965
2019-06-19,42.329
2019-06-20,24.684
2019-06-21,19.295
2019-06-22,16.339
2019-06-23,20.27
2019-06-24,29.392
2019-06-25,23.49
2019-06-26,48.538
2019-06-27,21.696
2019-06-28,1.977
2019-06-29,31.961
2019-06-30,19.44
2019-07-01,40.805
2019-07-02,33.271
2019-07-03,36.241
2019-07-04,0.0
2019-07-05,0.0
2019-07-06,0.0
2019-07-07,0.0
2019-07-08,0.0
2019-07-09,0.0
2019-07-10,0.0
2019-07-11,0.0
2019-07-12,0.0
2019-07-13,0.0
2019-07-14,0.0
2019-07-15,0.0
2019-07-16,0.0
2019-07-17,0.0
2019-07-18,0.0
2019-07-19,0.0
2019-07-20,0.0
2019-07-21,0.0
2019-07-22,0.0
2019-07-23,0.0
2019-07-24,0.0
2019-07-25,0.0
2019-07-26,0.0
2019-07-27,0.0
2019-07-28,0.0
2019-07-29,0.0
2019-07-30,0.0
2019-07-31,7.746
2019-08-01,51.385
2019-08-02,19.353
2019-08-03,31.692
2019-08-04,9.035
2019-08-05,34.069
2019-08-06,42.272
2019-08-07,38.766
2019-08-08,16.256
2019-08-09,35.98
2019-08-10,25.81
2019-08-11,35.244
2019-08-12,37.085
2019-08-13,62.112
2019-08-14,42.231
2019-08-15,15.526
2019-08-16,25.814
2019-08-17,37.419
2019-08-18,49.273
2019-08-19,55.42
2019-08-20,22.437
2019-08-21,39.003
2019-08-22,43.501
2019-08-23,7.168
2019-08-24,39.722
2019-08-25,29.323
2019-08-26,33.929
2019-08-27,53.966
2019-08-28,19.705
2019-08-29,22.421
2019-08-30,31.807
2019-08-31,25.427
2019-09-01,5.216
2019-09-02,2.857
2019-09-03,36.376
2019-09-04,24.116
2019-09-05,50.702
2019-09-06,53.963
2019-09-07,14.842
2019-09-08,9.99
2019-09-09,37.576
2019-09-10,34.193
2019-09-11,46.111
2019-09-12,27.867
2019-09-13,33.755
2019-09-14,10.054
2019-09-15,21.585
2019-09-16,30.879
2019-09-17,36.867
2019-09-18,20.475
2019-09-19,26.28
2019-09-20,79.662
2019-09-21,30.46
2019-09-22,17.581
2019-09-23,58.708
2019-09-24,40.164
2019-09-25,32.662
2019-09-26,45.57
2019-09-27,36.484
2019-09-28,11.866
2019-09-29,0.819
2019-09-30,28.103
2019-10-01,28.497
2019-10-02,46.301
2019-10-03,18.432
2019-10-04,41.797
2019-10-05,40.077
2019-10-06,24.951
2019-10-07,35.075
2019-10-08,29.928
2019-10-09,40.071
2019-10-10,53.112
2019-10-11,31.224
2019-10-12,28.165
2019-10-13,20.741
2019-10-14,15.732
2019-10-15,46.791
2019-10-16,33.884
2019-10-17,47.711
2019-10-18,49.614
2019-10-19,46.151
2019-10-20,23.02
2019-10-21,38.363
2019-10-22,36.615
2019-10-23,40.634
2019-10-24,26.624
2019-10-25,36.595
2019-10-26,65.257
2019-10-27,14.025
2019-10-28,38.866
2019-10-29,50.532
2019-10-30,65.092
2019-10-31,32.929
2019-11-01,44.273
2019-11-02,22.341
2019-11-03,22.039
2019-11-04,44.043
2019-11-05,43.803
2019-11-06,20.096
2019-11-07,31.617
2019-11-08,35.76
2019-11-09,21.105
2019-11-10,33.256
2019-11-11,37.209
2019-11-12,41.459
2019-11-13,35.388
2019-11-14,38.295
2019-11-15,12.036
2019-11-16,28.139
2019-11-17,32.697
2019-11-18,37.765
2019-11-19,31.527
2019-11-20,43.354
2019-11-21,61.277
2019-11-22,43.843
2019-11-23,41.204
2019-11-24,28.336
2019-11-25,57.517
2019-11-26,20.601
2019-11-27,23.728
2019-11-28,0.0
2019-11-29,6.799
2019-11-30,17.977
2019-12-01,12.798
2019-12-02,30.671
2019-12-03,52.395
2019-12-04,23.997
2019-12-05,56.705
2019-12-06,57.108
2019-12-07,33.21
2019-12-08,17.197
2019-12-09,34.65
2019-12-10,37.901
2019-12-11,32.229
2019-12-12,51.234
2019-12-13,24.651
2019-12-14,20.541
2019-12-15,12.248
2019-12-16,48.494
2019-12-17,46.85
2019-12-18,21.656
2019-12-19,12.819
2019-12-20,8.282
2019-12-21,27.345
2019-12-22,14.081
2019-12-23,26.77
2019-12-24,21.669
2019-12-25,0.0
2019-12-26,22.084
2019-12-27,21.509
2019-12-28,14.035
2019-12-29,34.799
2019-12-30,30.414
2019-12-31,35.504
2020-01-01,8.158
2020-01-02,52.55
2020-01-03,47.048
2020-01-04,20.173
2020-01-05,13.037
2020-01-06,37.148
2020-01-07,53.849
2020-01-08,37.261
2020-01-09,46.834
2020-01-10,28.391
2020-01-11,33.585
2020-01-12,38.639
2020-01-13,49.296
2020-01-14,33.094
2020-01-15,31.292
2020-01-16,14.65
2020-01-17,36.444
2020-01-18,46.988
2020-01-19,43.28
2020-01-20,16.122
2020-01-21,62.174
2020-01-22,53.94
2020-01-23,41.054
2020-01-24,18.789
2020-01-25,39.652
2020-01-26,42.638
2020-01-27,43.143
2020-01-28,39.058
2020-01-29,32.015
2020-01-30,32.315
2020-01-31,37.251
2020-02-01,23.226
2020-02-02,15.779
2020-02-03,41.038
2020-02-04,41.158
2020-02-05,23.684
2020-02-06,37.152
2020-02-07,47.296
2020-02-08,44.949
2020-02-09,30.062
2020-02-10,31.441
2020-02-11,40.165
2020-02-12,45.419
2020-02-13,62.01
2020-02-14,45.915
2020-02-15,33.595
2020-02-16,21.282
2020-02-17,25.301
2020-02-18,26.888
2020-02-19,39.772
2020-02-20,21.693
2020-02-21,28.118
2020-02-22,22.187
2020-02-23,38.961
2020-02-24,12.074
2020-02-25,36.4
2020-02-26,59.404
2020-02-27,42.028
2020-02-28,54.907
2020-02-29,30.284
2020-03-01,10.262
2020-03-02,20.025
2020-03-03,45.663
2020-03-04,30.891
2020-03-05,17.211
2020-03-06,24.48
2020-03-07,12.569
2020-03-08,13.306
2020-03-09,41.007
2020-03-10,41.273
2020-03-11,35.081
2020-03-12,40.179
2020-03-13,12.061
2020-03-14,12.271
2020-03-15,42.349
2020-03-16,18.414
2020-03-17,1.717
2020-03-18,17.92
2020-03-19,23.514
2020-03-20,0.0
2020-03-21,0.0
2020-03-22,18.892
2020-03-23,0.0
2020-03-24,36.392
2020-03-25,0.0
2020-03-26,1.688
2020-03-27,0.0
2020-03-28,0.0
2020-03-29,1.981
2020-03-30,0.0
2020-03-31,1.758
2020-04-01,0.0
2020-04-02,0.0
2020-04-03,0.0
2020-04-04,0.0
2020-04-05,0.0
2020-04-06,0.0
2020-04-07,0.0
2020-04-08,0.0
2020-04-09,0.0
2020-04-10,24.788
2020-04-11,0.0
2020-04-12,0.0
2020-04-13,0.0
2020-04-14,0.0
2020-04-15,0.0
2020-04-16,0.0
2020-04-17,0.0
2020-04-18,0.0
2020-04-19,0.0
2020-04-20,1.45
2020-04-21,0.0
2020-04-22,6.532
2020-04-23,0.63
2020-04-24,0.0
2020-04-25,0.0
2020-04-26,0.0
2020-04-27,0.0
2020-04-28,41.965
2020-04-29,0.0
2020-04-30,0.0
2020-05-01,0.0
2020-05-02,0.0
2020-05-03,0.0
2020-05-04,0.0
2020-05-05,0.0
2020-05-06,0.0
2020-05-07,0.0
2020-05-08,0.0
2020-05-09,0.0
2020-05-10,29.654
2020-05-11,0.0
2020-05-12,0.0
2020-05-13,0.0
2020-05-14,0.0
2020-05-15,0.0
2020-05-16,0.0
2020-05-17,0.0
2020-05-18,0.0
2020-05-19,0.0
2020-05-20,0.0
2020-05-21,0.0
2020-05-22,5.184
2020-05-23,0.0
2020-05-24,0.0
2020-05-25,0.0
2020-05-26,0.0
2020-05-27,4.581
2020-05-28,11.122
2020-05-29,0.0
2020-05-30,0.0
2020-05-31,39.972
2020-06-01,25.241
2020-06-02,0.0
2020-06-03,0.0
2020-06-04,0.0
2020-06-05,0.0
2020-06-06,0.0
2020-06-07,26.023
2020-06-08,0.0
2020-06-09,0.0
2020-06-10,0.0
2020-06-11,30.622
2020-06-12,0.0
2020-06-13,0.0
2020-06-14,44.612
2020-06-15,1.945
2020-06-16,21.291
2020-06-17,6.353
2020-06-18,5.694
2020-06-19,41.412
2020-06-20,0.0
2020-06-21,48.379
2020-06-22,0.0
2020-06-23,40.113
2020-06-24,2.537
2020-06-25,2.341
2020-06-26,7.856
2020-06-27,0.0
2020-06-28,0.0
2020-06-29,0.0
2020-06-30,11.899
2020-07-01,0.0
2020-07-02,1.454
2020-07-03,6.974
2020-07-04,7.001
2020-07-05,12.452
2020-07-06,0.0
2020-07-07,38.076
2020-07-08,33.062
2020-07-09,0.0
2020-07-10,14.097
2020-07-11,12.199
2020-07-12,38.485
2020-07-13,0.0
2020-07-14,6.331
2020-07-15,0.0
2020-07-16,0.0
2020-07-17,11.29
2020-07-18,0.0
2020-07-19,27.114
2020-07-20,0.0
2020-07-21,0.0
2020-07-22,0.0
2020-07-23,10.549
2020-07-24,16.308
2020-07-25,0.0
2020-07-26,43.822
2020-07-27,34.902
2020-07-28,11.945
2020-07-29,0.0
2020-07-30,47.906
2020-07-31,0.0
2020-08-01,0.0
2020-08-02,35.203
2020-08-03,3.609
2020-08-04,0.0
2020-08-05,30.696
2020-08-06,0.0
2020-08-07,0.0
2020-08-08,13.061
2020-08-09,0.0
2020-08-10,0.0
2020-08-11,3.308
2020-08-12,3.664
2020-08-13,0.0
2020-08-14,41.373
2020-08-15,0.0
2020-08-16,0.0
2020-08-17,22.777
2020-08-18,0.0
2020-08-19,43.764
2020-08-20,0.0
2020-08-21,12.406
2020-08-22,1.802
2020-08-23,20.416
2020-08-24,0.0
2020-08-25,8.369
2020-08-26,3.488
2020-08-27,9.702
2020-08-28,15.21
2020-08-29,0.0
2020-08-30,25.811
2020-08-31,0.0
2020-09-01,11.192
2020-09-02,6.901
2020-09-03,0.0
2020-09-04,24.515
2020-09-05,18.209
2020-09-06,22.614
2020-09-07,0.0
2020-09-08,0.0
2020-09-09,3.666
2020-09-10,0.0
2020-09-11,3.947
2020-09-12,0.0
2020-09-13,37.371
2020-09-14,31.848
2020-09-15,0.0
2020-09-16,36.176
2020-09-17,0.0
2020-09-18,3.783
2020-09-19,35.175
2020-09-20,34.5
2020-09-21,29.306
2020-09-22,1.945
2020-09-23,39.779
2020-09-24,20.364
2020-09-25,0.0
2020-09-26,14.186
2020-09-27,47.985
2020-09-28,3.25
2020-09-29,6.605
2020-09-30,40.785
2020-10-01,23.821
2020-10-02,38.152
2020-10-03,23.311
2020-10-04,59.487
2020-10-05,3.587
2020-10-06,20.588
2020-10-07,12.975
2020-10-08,1.19
2020-10-09,41.089
2020-10-10,47.535
2020-10-11,44.429
2020-10-12,0.0
2020-10-13,0.0
2020-10-14,12.978
2020-10-15,2.42
2020-10-16,8.717
2020-10-17,17.442
2020-10-18,30.183
2020-10-19,12.55
2020-10-20,0.0
2020-10-21,0.0
2020-10-22,14.465
2020-10-23,9.831
2020-10-24,19.358
2020-10-25,12.96
2020-10-26,10.024
2020-10-27,11.677
2020-10-28,31.333
2020-10-29,11.838
2020-10-30,25.44
2020-10-31,15.122
2020-11-01,44.383
2020-11-02,0.0
2020-11-03,6.545
